instruction,input,output
Berapa poin yang didapatkan ketua tim yang lolos tahap pertama (seleksi universitas) di GEMASTIK?,,Ketua tim yang lolos tahap pertama (seleksi universitas) di GEMASTIK mendapatkan 15 poin sebagai bentuk penghargaan atas keberhasilannya melanjutkan ke tahap berikutnya.
Berapa poin yang didapatkan setiap anggota tim yang lolos tahap pertama (seleksi universitas) di GEMASTIK?,,Setiap anggota tim yang lolos tahap pertama (seleksi universitas) di GEMASTIK mendapatkan 12 poin sebagai bentuk apresiasi atas kontribusi mereka dalam tim.
Berapa poin yang didapatkan ketua tim yang lolos tahap kedua (babak final) di GEMASTIK?,,Ketua tim yang lolos tahap kedua (babak final) di GEMASTIK mendapatkan 40 poin sebagai pengakuan atas pencapaian mereka dalam kompetisi.
Berapa poin yang didapatkan setiap anggota tim yang lolos tahap kedua (babak final) di GEMASTIK?,,Setiap anggota tim yang lolos tahap kedua (babak final) di GEMASTIK mendapatkan 37 poin karena telah berhasil mencapai babak final bersama timnya.
Berapa poin yang didapatkan ketua tim yang mendapatkan juara I di GEMASTIK?,,Ketua tim yang mendapatkan juara I di GEMASTIK mendapatkan 120 poin sebagai penghargaan atas pencapaian tertinggi dalam kompetisi.
Berapa poin yang didapatkan setiap anggota tim yang mendapatkan juara I di GEMASTIK?,,Setiap anggota tim yang mendapatkan juara I di GEMASTIK mendapatkan 100 poin sebagai bentuk apresiasi atas kemenangan mereka.
Berapa poin yang didapatkan ketua tim yang mendapatkan juara II di GEMASTIK?,,Ketua tim yang mendapatkan juara II di GEMASTIK mendapatkan 100 poin karena berhasil mencapai posisi kedua dalam kompetisi.
Berapa poin yang didapatkan setiap anggota tim yang mendapatkan juara II di GEMASTIK?,,Setiap anggota tim yang mendapatkan juara II di GEMASTIK mendapatkan 85 poin sebagai bentuk apresiasi atas pencapaian mereka.
Berapa poin yang didapatkan ketua tim yang mendapatkan juara III di GEMASTIK?,, Ketua tim yang mendapatkan juara III di GEMASTIK mendapatkan 85 poin karena berhasil meraih posisi ketiga dalam kompetisi.
Berapa poin yang didapatkan setiap anggota tim yang mendapatkan juara III di GEMASTIK?,,Setiap anggota tim yang mendapatkan juara III di GEMASTIK mendapatkan 70 poin sebagai bentuk penghargaan atas pencapaian mereka.
Berapa poin yang didapatkan ketua tim yang lolos tahap pertama (tingkat Regional) di KRI?,,Ketua tim yang lolos tahap pertama (tingkat Regional) di KRI mendapatkan 15 poin sebagai bentuk apresiasi atas keberhasilannya.
Berapa poin yang didapatkan setiap anggota tim yang lolos tahap pertama (tingkat Regional) di KRI?,,Setiap anggota tim yang lolos tahap pertama (tingkat Regional) di KRI mendapatkan 12 poin sebagai pengakuan atas kontribusi mereka.
Berapa poin yang didapatkan ketua tim yang lolos tahap kedua (tingkat Nasional) di KRI?,,Ketua tim yang lolos tahap kedua (tingkat Nasional) di KRI mendapatkan 40 poin karena berhasil mencapai tahap nasional.
Berapa poin yang didapatkan setiap anggota tim yang lolos tahap kedua (tingkat Nasional) di KRI?,,Mahasiswa yang lolos tahap kedua (tingkat Nasional) di KRI mendapatkan 37 poin sebagai bentuk apresiasi atas kontribusi mereka.
Berapa poin yang didapatkan ketua tim yang mendapatkan juara I di KRI tingkat Regional?,,Ketua tim yang mendapatkan juara I di KRI tingkat Regional mendapatkan 70 poin sebagai penghargaan atas kemenangan mereka di tingkat regional.
Berapa poin yang didapatkan setiap anggota tim yang mendapatkan juara I di KRI tingkat Regional?,,Setiap anggota tim yang mendapatkan juara I di KRI tingkat Regional mendapatkan 60 poin karena telah berkontribusi dalam kemenangan tim.
Berapa poin yang didapatkan ketua tim yang mendapatkan juara II di KRI tingkat Regional?,,Ketua tim yang mendapatkan juara II di KRI tingkat Regional mendapatkan 60 poin sebagai bentuk apresiasi atas pencapaian mereka.
Berapa poin yang didapatkan setiap anggota tim yang mendapatkan juara II di KRI tingkat Regional?,,Setiap anggota tim yang mendapatkan juara II di KRI tingkat Regional mendapatkan 50 poin sebagai pengakuan atas usaha mereka.
Berapa poin yang didapatkan ketua tim yang mendapatkan juara III di KRI tingkat Regional?,,Ketua tim yang mendapatkan juara III di KRI tingkat Regional mendapatkan 50 poin sebagai bentuk penghargaan atas pencapaian mereka.
Berapa poin yang didapatkan setiap anggota tim yang mendapatkan juara III di KRI tingkat Regional?,,Setiap anggota tim yang mendapatkan juara III di KRI tingkat Regional mendapatkan 40 poin karena telah berkontribusi dalam pencapaian tim.
Berapa poin yang didapatkan ketua tim yang lolos tahap pertama (seleksi universitas) di LIDM?,,Ketua tim yang lolos tahap pertama (seleksi universitas) di LIDM mendapatkan 15 poin sebagai bentuk penghargaan atas keberhasilannya melanjutkan ke tahap berikutnya.
Berapa poin yang didapatkan anggota tim yang lolos tahap pertama (seleksi universitas) di LIDM?,,Anggota tim yang lolos tahap pertama (seleksi universitas) di LIDM mendapatkan 12 poin sebagai bentuk penghargaan atas keberhasilannya melanjutkan ke tahap berikutnya.
Berapa poin yang didapatkan ketua tim yang lolos ke tingkat nasional di LIDM?,,Ketua tim yang lolos ke tingkat nasional di LIDM mendapatkan 40 poin sebagai bentuk penghargaan atas pencapaiannya.
Berapa poin yang didapatkan anggota tim yang lolos ke tingkat nasional di LIDM?,,Anggota tim yang lolos ke tingkat nasional di LIDM mendapatkan 37 poin sebagai bentuk penghargaan atas pencapaiannya.
Berapa poin yang didapatkan ketua tim yang mendapatkan juara I di LIDM tingkat nasional?,,Ketua tim yang mendapatkan juara I di LIDM tingkat nasional mendapatkan 70 poin sebagai bentuk penghargaan atas prestasi tertingginya.
Berapa poin yang didapatkan anggota tim yang mendapatkan juara I di LIDM tingkat nasional?,,Anggota tim yang mendapatkan juara I di LIDM tingkat nasional mendapatkan 60 poin sebagai bentuk penghargaan atas kontribusinya dalam pencapaian tim.
Berapa poin yang didapatkan ketua tim yang mendapatkan juara II di LIDM tingkat nasional?,,Ketua tim yang mendapatkan juara II di LIDM tingkat nasional mendapatkan 60 poin sebagai bentuk penghargaan atas prestasinya.
Berapa poin yang didapatkan anggota tim yang mendapatkan juara II di LIDM tingkat nasional?,,Anggota tim yang mendapatkan juara II di LIDM tingkat nasional mendapatkan 50 poin sebagai bentuk penghargaan atas kontribusinya dalam pencapaian tim.
Berapa poin yang didapatkan ketua tim yang mendapatkan juara III di LIDM tingkat nasional?,,Ketua tim yang mendapatkan juara III di LIDM tingkat nasional mendapatkan 50 poin sebagai bentuk penghargaan atas prestasinya.
Berapa poin yang didapatkan anggota tim yang mendapatkan juara III di LIDM tingkat nasional?,,Anggota tim yang mendapatkan juara III di LIDM tingkat nasional mendapatkan 40 poin sebagai bentuk penghargaan atas kontribusinya dalam pencapaian tim.
Apa bukti pencapaian yang diperlukan dalam ajang LIDM?,,Bukti pencapaian dalam ajang LIDM adalah sertifikat penghargaan sebagai juara.
Berapa poin yang didapatkan mahasiswa yang lolos tahap pertama (Tingkat Fakultas) di PILMAPRES?,,Mahasiswa yang lolos tahap pertama (Tingkat Fakultas) di PILMAPRES mendapatkan 20 poin sebagai penghargaan.
Berapa poin yang didapatkan mahasiswa yang lolos tahap kedua (Tingkat Universitas) di PILMAPRES?,,Mahasiswa yang lolos tahap kedua (Tingkat Universitas) di PILMAPRES mendapatkan 40 poin sebagai penghargaan.
Berapa poin yang didapatkan mahasiswa yang menjadi juara I tingkat regional/wilayah di PILMAPRES?,,Mahasiswa yang menjadi juara I di PILMAPRES tingkat regional/wilayah mendapatkan 85 poin sebagai bentuk apresiasi.
Berapa poin yang didapatkan mahasiswa yang menjadi juara II tingkat regional/wilayah di PILMAPRES?,,Mahasiswa yang menjadi juara II di PILMAPRES tingkat regional/wilayah mendapatkan 75 poin sebagai bentuk apresiasi.
Berapa poin yang didapatkan mahasiswa yang menjadi juara III tingkat regional/wilayah di PILMAPRES?,,Mahasiswa yang menjadi juara III di PILMAPRES tingkat regional/wilayah mendapatkan 60 poin sebagai bentuk apresiasi.
Berapa poin yang didapatkan mahasiswa yang menjadi juara I tingkat nasional di PILMAPRES?,,Mahasiswa yang menjadi juara I di PILMAPRES tingkat nasional mendapatkan 120 poin sebagai bentuk penghargaan.
Berapa poin yang didapatkan mahasiswa yang menjadi juara II tingkat nasional di PILMAPRES?,,Mahasiswa yang menjadi juara II di PILMAPRES tingkat nasional mendapatkan 100 poin sebagai bentuk penghargaan.
Berapa poin yang didapatkan mahasiswa yang menjadi juara III tingkat nasional di PILMAPRES?,,Mahasiswa yang menjadi juara III di PILMAPRES tingkat nasional mendapatkan 85 poin sebagai bentuk penghargaan.
Berapa poin yang didapatkan mahasiswa yang lolos tahap pertama (Tingkat Fakultas) di KDMI?,,Mahasiswa yang lolos tahap pertama (Tingkat Fakultas) di KDMI mendapatkan 15 poin sebagai bentuk penghargaan.
Berapa poin yang didapatkan mahasiswa yang lolos tahap kedua (Tingkat Universitas) di KDMI?,,Mahasiswa yang lolos tahap kedua (Tingkat Universitas) di KDMI mendapatkan 20 poin sebagai bentuk penghargaan.
Berapa poin yang didapatkan mahasiswa yang menjadi juara I tingkat regional/wilayah di KDMI?,,Mahasiswa yang menjadi juara I di KDMI tingkat regional/wilayah mendapatkan 70 poin sebagai bentuk apresiasi.
Berapa poin yang didapatkan mahasiswa yang menjadi juara II tingkat regional/wilayah di KDMI?,,Mahasiswa yang menjadi juara II di KDMI tingkat regional/wilayah mendapatkan 60 poin sebagai bentuk apresiasi.
Berapa poin yang didapatkan mahasiswa yang menjadi juara III tingkat regional/wilayah di KDMI?,,Mahasiswa yang menjadi juara III di KDMI tingkat regional/wilayah mendapatkan 50 poin sebagai bentuk apresiasi.
Berapa poin yang didapatkan mahasiswa yang menjadi juara I tingkat nasional di KDMI?,,Mahasiswa yang menjadi juara I di KDMI tingkat nasional mendapatkan 100 poin sebagai bentuk penghargaan.
Berapa poin yang didapatkan mahasiswa yang menjadi juara II tingkat nasional di KDMI?,,Mahasiswa yang menjadi juara II di KDMI tingkat nasional mendapatkan 80 poin sebagai bentuk penghargaan.
Berapa poin yang didapatkan mahasiswa yang menjadi juara III tingkat nasional di KDMI?,,Mahasiswa yang menjadi juara III di KDMI tingkat nasional mendapatkan 70 poin sebagai bentuk penghargaan.
Berapa poin yang didapatkan mahasiswa yang lolos tahap pertama (Tingkat Fakultas) di NUDC?,,Mahasiswa yang lolos tahap pertama (Tingkat Fakultas) di NUDC mendapatkan 20 poin sebagai bentuk penghargaan.
Berapa poin yang didapatkan mahasiswa yang lolos tahap kedua (Tingkat Universitas) di NUDC?,,Mahasiswa yang lolos tahap kedua (Tingkat Universitas) di NUDC mendapatkan 25 poin sebagai bentuk penghargaan.
Berapa poin yang didapatkan mahasiswa yang menjadi juara I tingkat regional/wilayah di NUDC?,,Mahasiswa yang menjadi juara I di NUDC tingkat regional/wilayah mendapatkan 75 poin sebagai bentuk apresiasi.
Berapa poin yang didapatkan mahasiswa yang menjadi juara II tingkat regional/wilayah di NUDC?,,Mahasiswa yang menjadi juara II di NUDC tingkat regional/wilayah mendapatkan 65 poin sebagai bentuk apresiasi.
Berapa poin yang didapatkan mahasiswa yang menjadi juara III tingkat regional/wilayah di NUDC?,,Mahasiswa yang menjadi juara III di NUDC tingkat regional/wilayah mendapatkan 55 poin sebagai bentuk apresiasi.
Berapa poin yang didapatkan mahasiswa yang menjadi juara I tingkat nasional di NUDC?,,Mahasiswa yang menjadi juara I di NUDC tingkat nasional mendapatkan 110 poin sebagai bentuk penghargaan.
Berapa poin yang didapatkan mahasiswa yang menjadi juara II tingkat nasional di NUDC?,,Mahasiswa yang menjadi juara II di NUDC tingkat nasional mendapatkan 90 poin sebagai bentuk penghargaan.
Berapa poin yang didapatkan mahasiswa yang menjadi juara III tingkat nasional di NUDC?,,Mahasiswa yang menjadi juara III di NUDC tingkat nasional mendapatkan 80 poin sebagai bentuk penghargaan.
Berapa poin yang didapatkan ketua tim yang lolos tahap pertama di KBMK?,,Ketua tim yang lolos tahap pertama di KBMK mendapatkan 5 poin sebagai bentuk penghargaan atas keberhasilannya melanjutkan ke tahap berikutnya.
Berapa poin yang didapatkan anggota tim yang lolos tahap pertama di KBMK?,,Anggota tim yang lolos tahap pertama di KBMK mendapatkan 2 poin sebagai bentuk penghargaan atas keberhasilannya melanjutkan ke tahap berikutnya.
Berapa poin yang didapatkan ketua tim yang lolos tahap kedua di KBMK?,,Ketua tim yang lolos tahap kedua di KBMK mendapatkan 10 poin sebagai bentuk penghargaan atas pencapaiannya melangkah ke babak semifinal.
Berapa poin yang didapatkan anggota tim yang lolos tahap kedua di KBMK?,,Anggota tim yang lolos tahap kedua di KBMK mendapatkan 7 poin sebagai bentuk penghargaan atas pencapaiannya melangkah ke babak semifinal.
Berapa poin yang didapatkan ketua tim yang lolos tahap ketiga di KBMK?,,Ketua tim yang lolos tahap ketiga di KBMK mendapatkan 15 poin sebagai bentuk penghargaan atas pencapaiannya melangkah ke Grand Final.
Berapa poin yang didapatkan anggota tim yang lolos tahap ketiga di KBMK?,,Anggota tim yang lolos tahap ketiga di KBMK mendapatkan 10 poin sebagai bentuk penghargaan atas pencapaiannya melangkah ke Grand Final.
Berapa poin yang didapatkan ketua tim yang menjadi juara I di KBMK?,,Ketua tim yang menjadi juara I di KBMK mendapatkan 50 poin sebagai bentuk apresiasi atas prestasi tertingginya dalam kompetisi ini.
Berapa poin yang didapatkan anggota tim yang menjadi juara I di KBMK?,,Anggota tim yang menjadi juara I di KBMK mendapatkan 40 poin sebagai bentuk apresiasi atas prestasi tertingginya dalam kompetisi ini.
Berapa poin yang didapatkan ketua tim yang menjadi juara II di KBMK?,,Ketua tim yang menjadi juara II di KBMK mendapatkan 40 poin sebagai bentuk apresiasi atas pencapaiannya di kompetisi ini.
Berapa poin yang didapatkan anggota tim yang menjadi juara II di KBMK?,,Anggota tim yang menjadi juara II di KBMK mendapatkan 30 poin sebagai bentuk apresiasi atas pencapaiannya di kompetisi ini.
Berapa poin yang didapatkan ketua tim yang menjadi juara III di KBMK?,,Ketua tim yang menjadi juara III di KBMK mendapatkan 30 poin sebagai bentuk apresiasi atas keberhasilannya meraih posisi ketiga dalam kompetisi ini.
Berapa poin yang didapatkan anggota tim yang menjadi juara III di KBMK?,,Anggota tim yang menjadi juara III di KBMK mendapatkan 20 poin sebagai bentuk apresiasi atas keberhasilannya meraih posisi ketiga dalam kompetisi ini.
Berapa poin yang didapatkan ketua tim yang lolos tahap pertama di SATRIA DATA?,,Ketua tim yang lolos tahap pertama di SATRIA DATA mendapatkan 5 poin.
Berapa poin yang didapatkan anggota tim yang lolos tahap pertama di SATRIA DATA?,,Anggota tim yang lolos tahap pertama di SATRIA DATA mendapatkan 2 poin.
Berapa poin yang didapatkan ketua tim yang lolos tahap kedua di SATRIA DATA?,,Ketua tim yang lolos tahap kedua di SATRIA DATA mendapatkan 10 poin.
Berapa poin yang didapatkan anggota tim yang lolos tahap kedua di SATRIA DATA?,,Anggota tim yang lolos tahap kedua di SATRIA DATA mendapatkan 7 poin.
Berapa poin yang didapatkan ketua tim yang lolos tahap ketiga di SATRIA DATA?,,Ketua tim yang lolos tahap ketiga di SATRIA DATA mendapatkan 15 poin.
Berapa poin yang didapatkan anggota tim yang lolos tahap ketiga di SATRIA DATA?,,Anggota tim yang lolos tahap ketiga di SATRIA DATA mendapatkan 10 poin.
Berapa poin yang didapatkan ketua tim yang menjadi juara I di SATRIA DATA?,,Ketua tim yang menjadi juara I di SATRIA DATA mendapatkan 50 poin.
Berapa poin yang didapatkan anggota tim yang menjadi juara I di SATRIA DATA?,,Anggota tim yang menjadi juara I di SATRIA DATA mendapatkan 40 poin.
Berapa poin yang didapatkan ketua tim yang menjadi juara II di SATRIA DATA?,,Ketua tim yang menjadi juara II di SATRIA DATA mendapatkan 40 poin.
Berapa poin yang didapatkan anggota tim yang menjadi juara II di SATRIA DATA?,,Anggota tim yang menjadi juara II di SATRIA DATA mendapatkan 30 poin.
Berapa poin yang didapatkan ketua tim yang menjadi juara III di SATRIA DATA?,,Ketua tim yang menjadi juara III di SATRIA DATA mendapatkan 30 poin.
Berapa poin yang didapatkan anggota tim yang menjadi juara III di SATRIA DATA?,,Anggota tim yang menjadi juara III di SATRIA DATA mendapatkan 20 poin.
Berapa poin yang didapatkan ketua tim yang lolos tahap pertama di KBMK?,,Ketua tim yang lolos tahap pertama di KBMK mendapatkan 5 poin sebagai bentuk penghargaan.
Berapa poin yang didapatkan anggota tim yang lolos tahap pertama di KBMK?,,Anggota tim yang lolos tahap pertama di KBMK mendapatkan 2 poin sebagai bentuk penghargaan.
Berapa poin yang didapatkan ketua tim yang lolos tahap kedua (semifinal) di KBMK?,,Ketua tim yang lolos tahap kedua (semifinal) di KBMK mendapatkan 10 poin sebagai bentuk penghargaan.
Berapa poin yang didapatkan anggota tim yang lolos tahap kedua (semifinal) di KBMK?,,Anggota tim yang lolos tahap kedua (semifinal) di KBMK mendapatkan 7 poin sebagai bentuk penghargaan.
Berapa poin yang didapatkan ketua tim yang lolos tahap ketiga (Grand Final) di KBMK?,,Ketua tim yang lolos tahap ketiga (Grand Final) di KBMK mendapatkan 15 poin sebagai bentuk penghargaan.
Berapa poin yang didapatkan anggota tim yang lolos tahap ketiga (Grand Final) di KBMK?,,Anggota tim yang lolos tahap ketiga (Grand Final) di KBMK mendapatkan 10 poin sebagai bentuk penghargaan.
Berapa poin yang didapatkan ketua tim yang juara I di KBMK?,,Ketua tim yang juara I di KBMK mendapatkan 50 poin sebagai bentuk penghargaan.
Berapa poin yang didapatkan anggota tim yang juara I di KBMK?,,Anggota tim yang juara I di KBMK mendapatkan 40 poin sebagai bentuk penghargaan.
Berapa poin yang didapatkan ketua tim yang juara II di KBMK?,,Ketua tim yang juara II di KBMK mendapatkan 40 poin sebagai bentuk penghargaan.
Berapa poin yang didapatkan anggota tim yang juara II di KBMK?,,Anggota tim yang juara II di KBMK mendapatkan 30 poin sebagai bentuk penghargaan.
Berapa poin yang didapatkan ketua tim yang juara III di KBMK?,,Mahasiswa yang lolos tahap kedua (Tingkat Universitas) di NUDC mendapatkan 25 poin sebagai bentuk penghargaan.
Berapa poin yang didapatkan anggota tim yang juara III di KBMK?,,Mahasiswa yang menjadi juara I di NUDC tingkat regional/wilayah mendapatkan 75 poin sebagai bentuk apresiasi.
Berapa poin yang didapatkan ketua tim yang lolos tahap pertama di SATRIA DATA?,,Mahasiswa yang menjadi juara II di NUDC tingkat regional/wilayah mendapatkan 65 poin sebagai bentuk apresiasi.
Berapa poin yang didapatkan anggota tim yang lolos tahap pertama di SATRIA DATA?,,Mahasiswa yang menjadi juara III di NUDC tingkat regional/wilayah mendapatkan 55 poin sebagai bentuk apresiasi.
Berapa poin yang didapatkan ketua tim yang lolos tahap kedua (semifinal) di SATRIA DATA?,,Mahasiswa yang menjadi juara I di NUDC tingkat nasional mendapatkan 110 poin sebagai bentuk penghargaan.
Berapa poin yang didapatkan anggota tim yang lolos tahap kedua (semifinal) di SATRIA DATA?,,Mahasiswa yang menjadi juara II di NUDC tingkat nasional mendapatkan 90 poin sebagai bentuk penghargaan.
Berapa poin yang didapatkan ketua tim yang lolos tahap ketiga (Grand Final) di SATRIA DATA?,,Mahasiswa yang menjadi juara III di NUDC tingkat nasional mendapatkan 80 poin sebagai bentuk penghargaan.
Berapa poin yang didapatkan anggota tim yang lolos tahap ketiga (Grand Final) di SATRIA DATA?,,Ketua tim yang lolos tahap pertama di KBMK mendapatkan 5 poin sebagai bentuk penghargaan atas keberhasilannya melanjutkan ke tahap berikutnya.
Berapa poin yang didapatkan ketua tim yang juara I di SATRIA DATA?,,Anggota tim yang lolos tahap pertama di KBMK mendapatkan 2 poin sebagai bentuk penghargaan atas keberhasilannya melanjutkan ke tahap berikutnya.
Berapa poin yang didapatkan anggota tim yang juara I di SATRIA DATA?,,Ketua tim yang lolos tahap kedua di KBMK mendapatkan 10 poin sebagai bentuk penghargaan atas pencapaiannya melangkah ke babak semifinal.
Berapa poin yang didapatkan ketua tim yang juara II di SATRIA DATA?,,Anggota tim yang lolos tahap kedua di KBMK mendapatkan 7 poin sebagai bentuk penghargaan atas pencapaiannya melangkah ke babak semifinal.
Berapa poin yang didapatkan anggota tim yang juara II di SATRIA DATA?,,Ketua tim yang lolos tahap ketiga di KBMK mendapatkan 15 poin sebagai bentuk penghargaan atas pencapaiannya melangkah ke Grand Final.
Berapa poin yang didapatkan ketua tim yang juara III di SATRIA DATA?,,Anggota tim yang lolos tahap ketiga di KBMK mendapatkan 10 poin sebagai bentuk penghargaan atas pencapaiannya melangkah ke Grand Final.
Berapa poin yang didapatkan anggota tim yang juara III di SATRIA DATA?,,Ketua tim yang menjadi juara I di KBMK mendapatkan 50 poin sebagai bentuk apresiasi atas prestasi tertingginya dalam kompetisi ini.
Berapa poin yang didapatkan ketua tim yang lolos seleksi nasional di KMHE?,,Anggota tim yang menjadi juara I di KBMK mendapatkan 40 poin sebagai bentuk apresiasi atas prestasi tertingginya dalam kompetisi ini.
Berapa poin yang didapatkan anggota tim yang lolos seleksi nasional di KMHE?,,Ketua tim yang menjadi juara II di KBMK mendapatkan 40 poin sebagai bentuk apresiasi atas pencapaiannya di kompetisi ini.
Berapa poin yang didapatkan ketua tim yang juara I di KMHE?,,Anggota tim yang menjadi juara II di KBMK mendapatkan 30 poin sebagai bentuk apresiasi atas pencapaiannya di kompetisi ini.
Berapa poin yang didapatkan anggota tim yang juara I di KMHE?,,Ketua tim yang menjadi juara III di KBMK mendapatkan 30 poin sebagai bentuk apresiasi atas keberhasilannya meraih posisi ketiga dalam kompetisi ini.
Berapa poin yang didapatkan ketua tim yang juara II di KMHE?,,Anggota tim yang menjadi juara III di KBMK mendapatkan 20 poin sebagai bentuk apresiasi atas keberhasilannya meraih posisi ketiga dalam kompetisi ini.
Berapa poin yang didapatkan anggota tim yang juara II di KMHE?,,Ketua tim yang lolos tahap pertama di SATRIA DATA mendapatkan 5 poin sebagai bentuk penghargaan.
Berapa poin yang didapatkan ketua tim yang juara III di KMHE?,,Anggota tim yang lolos tahap pertama di SATRIA DATA mendapatkan 2 poin sebagai bentuk penghargaan.
Berapa poin yang didapatkan anggota tim yang juara III di KMHE?,,Ketua tim yang lolos tahap kedua di SATRIA DATA mendapatkan 10 poin sebagai bentuk penghargaan.
Berapa poin yang didapatkan ketua tim yang lolos tahap pertama di KN-MIPA?,,Anggota tim yang lolos tahap kedua di SATRIA DATA mendapatkan 7 poin sebagai bentuk penghargaan.
Berapa poin yang didapatkan anggota tim yang lolos tahap pertama di KN-MIPA?,,Ketua tim yang lolos tahap ketiga di SATRIA DATA mendapatkan 15 poin sebagai bentuk penghargaan.
Berapa poin yang didapatkan ketua tim yang lolos tahap kedua (semifinal) di KN-MIPA?,,Anggota tim yang lolos tahap ketiga di SATRIA DATA mendapatkan 10 poin sebagai bentuk penghargaan.
Berapa poin yang didapatkan anggota tim yang lolos tahap kedua (semifinal) di KN-MIPA?,,Ketua tim yang menjadi juara I di SATRIA DATA mendapatkan 50 poin sebagai bentuk penghargaan.
Berapa poin yang didapatkan ketua tim yang lolos tahap ketiga (Grand Final) di KN-MIPA?,,Anggota tim yang menjadi juara I di SATRIA DATA mendapatkan 40 poin sebagai bentuk penghargaan.
Berapa poin yang didapatkan anggota tim yang lolos tahap ketiga (Grand Final) di KN-MIPA?,,Ketua tim yang menjadi juara II di SATRIA DATA mendapatkan 40 poin sebagai bentuk penghargaan.
Berapa poin yang didapatkan ketua tim yang juara I di KN-MIPA?,,Anggota tim yang menjadi juara II di SATRIA DATA mendapatkan 30 poin sebagai bentuk penghargaan.
Berapa poin yang didapatkan anggota tim yang juara I di KN-MIPA?,,Ketua tim yang menjadi juara III di SATRIA DATA mendapatkan 30 poin sebagai bentuk penghargaan.
Berapa poin yang didapatkan ketua tim yang juara II di KN-MIPA?,,Anggota tim yang menjadi juara III di SATRIA DATA mendapatkan 20 poin sebagai bentuk penghargaan.
Berapa poin yang didapatkan anggota tim yang juara II di KN-MIPA?,,Ketua tim yang lolos seleksi nasional di KMHE mendapatkan 40 poin sebagai bentuk penghargaan.
Berapa poin yang didapatkan ketua tim yang juara III di KN-MIPA?,,Anggota tim yang lolos seleksi nasional di KMHE mendapatkan 37 poin sebagai bentuk penghargaan.
Berapa poin yang didapatkan anggota tim yang juara III di KN-MIPA?,,Ketua tim yang juara I di KMHE mendapatkan 120 poin sebagai bentuk penghargaan.
Berapa poin yang didapatkan ketua tim yang lolos seleksi di LKTI?,,Anggota tim yang juara I di KMHE mendapatkan 100 poin sebagai bentuk penghargaan.
Berapa poin yang didapatkan anggota tim yang lolos seleksi di LKTI?,,Ketua tim yang juara II di KMHE mendapatkan 100 poin sebagai bentuk penghargaan.
Berapa poin yang didapatkan ketua tim yang juara I di LKTI?,,Anggota tim yang juara II di KMHE mendapatkan 85 poin sebagai bentuk penghargaan.
Berapa poin yang didapatkan anggota tim yang juara I di LKTI?,,Ketua tim yang juara III di KMHE mendapatkan 85 poin sebagai bentuk penghargaan.
Berapa poin yang didapatkan ketua tim yang juara II di LKTI?,,Anggota tim yang juara III di KMHE mendapatkan 70 poin sebagai bentuk penghargaan.
Berapa poin yang didapatkan anggota tim yang juara II di LKTI?,,Ketua tim yang lolos tahap pertama di KN-MIPA mendapatkan 5 poin sebagai bentuk penghargaan.
Berapa poin yang didapatkan ketua tim yang juara III di LKTI?,,Anggota tim yang lolos tahap pertama di KN-MIPA mendapatkan 2 poin sebagai bentuk penghargaan.
Berapa poin yang didapatkan anggota tim yang juara III di LKTI?,,Ketua tim yang lolos tahap kedua di KN-MIPA mendapatkan 10 poin sebagai bentuk penghargaan.
Berapa poin yang didapatkan ketua tim yang juara individu I di LKTI?,,Anggota tim yang lolos tahap kedua di KN-MIPA mendapatkan 7 poin sebagai bentuk penghargaan.
Berapa poin yang didapatkan ketua tim yang juara individu II di LKTI?,,Ketua tim yang lolos tahap ketiga di KN-MIPA mendapatkan 15 poin sebagai bentuk penghargaan.
Berapa poin yang didapatkan ketua tim yang juara individu III di LKTI?,,Anggota tim yang lolos tahap ketiga di KN-MIPA mendapatkan 10 poin sebagai bentuk penghargaan.
Berapa poin yang didapatkan ketua tim yang jurnal internasional Scopus Q1 di PUBLIKASI JURNAL?,,Ketua tim yang juara I di KN-MIPA mendapatkan 50 poin sebagai bentuk penghargaan.
Berapa poin yang didapatkan ketua tim yang jurnal internasional Scopus Q2 di PUBLIKASI JURNAL?,,Anggota tim yang juara I di KN-MIPA mendapatkan 40 poin sebagai bentuk penghargaan.
Berapa poin yang didapatkan ketua tim yang jurnal internasional Scopus Q3 di PUBLIKASI JURNAL?,,Ketua tim yang juara II di KN-MIPA mendapatkan 40 poin sebagai bentuk penghargaan.
Berapa poin yang didapatkan ketua tim yang jurnal internasional Scopus Q4 di PUBLIKASI JURNAL?,,Anggota tim yang juara II di KN-MIPA mendapatkan 30 poin sebagai bentuk penghargaan.
Berapa poin yang didapatkan ketua tim yang jurnal internasional tidak terindeks di PUBLIKASI JURNAL?,,Ketua tim yang juara III di KN-MIPA mendapatkan 30 poin sebagai bentuk penghargaan.
Berapa poin yang didapatkan ketua tim yang jurnal nasional Sinta 1 di PUBLIKASI JURNAL?,,Anggota tim yang juara III di KN-MIPA mendapatkan 20 poin sebagai bentuk penghargaan.
Berapa poin yang didapatkan ketua tim yang jurnal nasional Sinta 2 di PUBLIKASI JURNAL?,,Ketua tim yang lolos seleksi di LKTI mendapatkan 30 poin sebagai bentuk penghargaan.
Berapa poin yang didapatkan ketua tim yang jurnal nasional Sinta 3 di PUBLIKASI JURNAL?,,Anggota tim yang lolos seleksi di LKTI mendapatkan 20 poin sebagai bentuk penghargaan.
Berapa poin yang didapatkan ketua tim yang jurnal nasional Sinta 4 di PUBLIKASI JURNAL?,,Ketua tim yang juara I di LKTI mendapatkan 50 poin sebagai bentuk penghargaan.
Berapa poin yang didapatkan ketua tim yang jurnal nasional Sinta 5 di PUBLIKASI JURNAL?,,Anggota tim yang juara I di LKTI mendapatkan 40 poin sebagai bentuk penghargaan.
Berapa poin yang didapatkan ketua tim yang jurnal nasional Sinta 6 di PUBLIKASI JURNAL?,,Ketua tim yang juara II di LKTI mendapatkan 40 poin sebagai bentuk penghargaan.
Berapa poin yang didapatkan ketua tim yang jurnal nasional biasa di PUBLIKASI JURNAL?,,Mahasiswa yang jurnal nasional biasa di PUBLIKASI JURNAL mendapatkan 10 poin sebagai bentuk penghargaan.
Berapa poin yang didapatkan mahasiswa yang berhasil lolos di tingkat kabupaten di LOMBA/PRESTASI?,,Mahasiswa yang berhasil lolos di tingkat kabupaten di LOMBA/PRESTASI mendapatkan 10 poin sebagai bentuk penghargaan atas keberhasilannya melanjutkan ke tahap berikutnya.
Berapa poin yang didapatkan mahasiswa yang berhasil lolos di tingkat provinsi di LOMBA/PRESTASI?,,Mahasiswa yang berhasil lolos di tingkat provinsi di LOMBA/PRESTASI mendapatkan 15 poin sebagai bentuk penghargaan atas prestasinya.
Berapa poin yang didapatkan mahasiswa yang berhasil lolos di tingkat nasional di LOMBA/PRESTASI?,,Mahasiswa yang berhasil lolos di tingkat nasional di LOMBA/PRESTASI mendapatkan 30 poin sebagai bentuk penghargaan atas prestasinya.
Berapa poin yang didapatkan mahasiswa yang mendapatkan juara I di tingkat kabupaten di LOMBA/PRESTASI?,,Mahasiswa yang mendapatkan juara I di tingkat kabupaten di LOMBA/PRESTASI mendapatkan 20 poin sebagai bentuk penghargaan atas prestasinya.
Berapa poin yang didapatkan mahasiswa yang mendapatkan juara II di tingkat kabupaten di LOMBA/PRESTASI?,,Mahasiswa yang mendapatkan juara II di tingkat kabupaten di LOMBA/PRESTASI mendapatkan 15 poin sebagai bentuk penghargaan atas prestasinya.
Berapa poin yang didapatkan mahasiswa yang mendapatkan juara III di tingkat kabupaten di LOMBA/PRESTASI?,,Mahasiswa yang mendapatkan juara III di tingkat kabupaten di LOMBA/PRESTASI mendapatkan 10 poin sebagai bentuk penghargaan atas prestasinya.
Berapa poin yang didapatkan mahasiswa yang mendapatkan juara I di tingkat provinsi di LOMBA/PRESTASI?,,Mahasiswa yang mendapatkan juara I di tingkat provinsi di LOMBA/PRESTASI mendapatkan 30 poin sebagai bentuk penghargaan atas prestasinya.
Berapa poin yang didapatkan mahasiswa yang mendapatkan juara II di tingkat provinsi di LOMBA/PRESTASI?,,Mahasiswa yang mendapatkan juara II di tingkat provinsi di LOMBA/PRESTASI mendapatkan 25 poin sebagai bentuk penghargaan atas prestasinya.
Berapa poin yang didapatkan mahasiswa yang mendapatkan juara III di tingkat provinsi di LOMBA/PRESTASI?,,Mahasiswa yang mendapatkan juara III di tingkat provinsi di LOMBA/PRESTASI mendapatkan 20 poin sebagai bentuk penghargaan atas prestasinya.
Berapa poin yang didapatkan mahasiswa yang mendapatkan juara I di tingkat nasional di LOMBA/PRESTASI?,,Mahasiswa yang mendapatkan juara I di tingkat nasional di LOMBA/PRESTASI mendapatkan 40 poin sebagai bentuk penghargaan atas prestasinya.
Berapa poin yang didapatkan mahasiswa yang mendapatkan juara II di tingkat nasional di LOMBA/PRESTASI?,,Mahasiswa yang mendapatkan juara II di tingkat nasional di LOMBA/PRESTASI mendapatkan 35 poin sebagai bentuk penghargaan atas prestasinya.
Berapa poin yang didapatkan mahasiswa yang mendapatkan juara III di tingkat nasional di LOMBA/PRESTASI?,,Mahasiswa yang mendapatkan juara III di tingkat nasional di LOMBA/PRESTASI mendapatkan 30 poin sebagai bentuk penghargaan atas prestasinya.
Berapa poin yang didapatkan ketua tim yang lolos tahap pertama (seleksi universitas) di PPK ORMAWA?,,Ketua tim yang lolos tahap pertama (seleksi universitas) di PPK ORMAWA mendapatkan 10 poin sebagai bentuk penghargaan atas keberhasilannya melanjutkan ke tahap berikutnya.
Berapa poin yang didapatkan anggota tim yang lolos tahap pertama (seleksi universitas) di PPK ORMAWA?,,Anggota tim yang lolos tahap pertama (seleksi universitas) di PPK ORMAWA mendapatkan 7 poin sebagai bentuk penghargaan atas kontribusinya dalam tim.
Berapa poin yang didapatkan ketua tim yang lolos tahap kedua (pendanaan DIKTI) di PPK ORMAWA?,,Ketua tim yang lolos tahap kedua (pendanaan DIKTI) di PPK ORMAWA mendapatkan 35 poin sebagai bentuk penghargaan atas keberhasilannya memperoleh pendanaan.
Berapa poin yang didapatkan anggota tim yang lolos tahap kedua (pendanaan DIKTI) di PPK ORMAWA?,,Anggota tim yang lolos tahap kedua (pendanaan DIKTI) di PPK ORMAWA mendapatkan 32 poin sebagai bentuk penghargaan atas kontribusinya dalam tim.
Berapa poin yang didapatkan anggota pengganti tim yang lolos tahap kedua (pendanaan DIKTI) di PPK ORMAWA?,,Anggota pengganti tim yang lolos tahap kedua (pendanaan DIKTI) di PPK ORMAWA mendapatkan 29 poin sebagai bentuk penghargaan atas partisipasinya.
Berapa poin yang didapatkan ketua tim yang lolos ke ajang ABDIDAYA di PPK ORMAWA?,,Ketua tim yang lolos ke ajang ABDIDAYA di PPK ORMAWA mendapatkan 90 poin sebagai bentuk penghargaan atas prestasi tingkat nasional.
Berapa poin yang didapatkan anggota tim yang lolos ke ajang ABDIDAYA di PPK ORMAWA?,,Anggota tim yang lolos ke ajang ABDIDAYA di PPK ORMAWA mendapatkan 75 poin sebagai bentuk penghargaan atas kontribusinya dalam tim.
Berapa poin yang didapatkan ketua tim yang mendapatkan juara I di ajang ABDIDAYA di PPK ORMAWA?,,Ketua tim yang mendapatkan juara I di ajang ABDIDAYA di PPK ORMAWA mendapatkan 170 poin sebagai bentuk penghargaan atas prestasi internasional.
Berapa poin yang didapatkan anggota tim yang mendapatkan juara I di ajang ABDIDAYA di PPK ORMAWA?,,Anggota tim yang mendapatkan juara I di ajang ABDIDAYA di PPK ORMAWA mendapatkan 150 poin sebagai bentuk penghargaan atas kontribusinya dalam tim.
Berapa poin yang didapatkan ketua tim yang mendapatkan juara II di ajang ABDIDAYA di PPK ORMAWA?,,Ketua tim yang mendapatkan juara II di ajang ABDIDAYA di PPK ORMAWA mendapatkan 150 poin sebagai bentuk penghargaan atas prestasi internasional.
Berapa poin yang didapatkan anggota tim yang mendapatkan juara II di ajang ABDIDAYA di PPK ORMAWA?,,Anggota tim yang mendapatkan juara II di ajang ABDIDAYA di PPK ORMAWA mendapatkan 130 poin sebagai bentuk penghargaan atas kontribusinya dalam tim.
Berapa poin yang didapatkan ketua tim yang mendapatkan juara III di ajang ABDIDAYA di PPK ORMAWA?,,Ketua tim yang mendapatkan juara III di ajang ABDIDAYA di PPK ORMAWA mendapatkan 130 poin sebagai bentuk penghargaan atas prestasi internasional.
Berapa poin yang didapatkan anggota tim yang mendapatkan juara III di ajang ABDIDAYA di PPK ORMAWA?,,Anggota tim yang mendapatkan juara III di ajang ABDIDAYA di PPK ORMAWA mendapatkan 110 poin sebagai bentuk penghargaan atas kontribusinya dalam tim.
Berapa poin yang didapatkan ketua tim yang lolos tahap pertama (tingkat regional) di KOMURINDO KOMBAT?,,Ketua tim yang lolos tahap pertama (tingkat regional) di KOMURINDO KOMBAT mendapatkan 15 poin sebagai bentuk penghargaan atas keberhasilannya.
Berapa poin yang didapatkan anggota tim yang lolos tahap pertama (tingkat regional) di KOMURINDO KOMBAT?,,Anggota tim yang lolos tahap pertama (tingkat regional) di KOMURINDO KOMBAT mendapatkan 12 poin sebagai bentuk penghargaan atas kontribusinya.
Berapa poin yang didapatkan ketua tim yang lolos tahap kedua (tingkat nasional) di KOMURINDO KOMBAT?,,Ketua tim yang lolos tahap kedua (tingkat nasional) di KOMURINDO KOMBAT mendapatkan 40 poin sebagai bentuk penghargaan atas prestasinya.
Berapa poin yang didapatkan anggota tim yang lolos tahap kedua (tingkat nasional) di KOMURINDO KOMBAT?,,Anggota tim yang lolos tahap kedua (tingkat nasional) di KOMURINDO KOMBAT mendapatkan 37 poin sebagai bentuk penghargaan atas kontribusinya.
Berapa poin yang didapatkan ketua tim yang mendapatkan juara I di tingkat regional di KOMURINDO KOMBAT?,,Ketua tim yang mendapatkan juara I di tingkat regional di KOMURINDO KOMBAT mendapatkan 70 poin sebagai bentuk penghargaan atas prestasinya.
Berapa poin yang didapatkan anggota tim yang mendapatkan juara I di tingkat regional di KOMURINDO KOMBAT?,,Anggota tim yang mendapatkan juara I di tingkat regional di KOMURINDO KOMBAT mendapatkan 60 poin sebagai bentuk penghargaan atas kontribusinya.
Berapa poin yang didapatkan ketua tim yang mendapatkan juara II di tingkat regional di KOMURINDO KOMBAT?,,Ketua tim yang mendapatkan juara II di tingkat regional di KOMURINDO KOMBAT mendapatkan 60 poin sebagai bentuk penghargaan atas prestasinya.
Berapa poin yang didapatkan anggota tim yang mendapatkan juara II di tingkat regional di KOMURINDO KOMBAT?,,Anggota tim yang mendapatkan juara II di tingkat regional di KOMURINDO KOMBAT mendapatkan 50 poin sebagai bentuk penghargaan atas kontribusinya.
Berapa poin yang didapatkan ketua tim yang mendapatkan juara III di tingkat regional di KOMURINDO KOMBAT?,,Ketua tim yang mendapatkan juara III di tingkat regional di KOMURINDO KOMBAT mendapatkan 50 poin sebagai bentuk penghargaan atas prestasinya.
Berapa poin yang didapatkan anggota tim yang mendapatkan juara III di tingkat regional di KOMURINDO KOMBAT?,,Anggota tim yang mendapatkan juara III di tingkat regional di KOMURINDO KOMBAT mendapatkan 40 poin sebagai bentuk penghargaan atas kontribusinya.
Berapa poin yang didapatkan ketua tim yang mendapatkan juara I di tingkat nasional di KOMURINDO KOMBAT?,,Ketua tim yang mendapatkan juara I di tingkat nasional di KOMURINDO KOMBAT mendapatkan 120 poin sebagai bentuk penghargaan atas prestasi nasional.
Berapa poin yang didapatkan anggota tim yang mendapatkan juara I di tingkat nasional di KOMURINDO KOMBAT?,,Anggota tim yang mendapatkan juara I di tingkat nasional di KOMURINDO KOMBAT mendapatkan 100 poin sebagai bentuk penghargaan atas kontribusinya.
Berapa poin yang didapatkan ketua tim yang mendapatkan juara II di tingkat nasional di KOMURINDO KOMBAT?,,Ketua tim yang mendapatkan juara II di tingkat nasional di KOMURINDO KOMBAT mendapatkan 100 poin sebagai bentuk penghargaan atas prestasinya.
Berapa poin yang didapatkan anggota tim yang mendapatkan juara II di tingkat nasional di KOMURINDO KOMBAT?,,Anggota tim yang mendapatkan juara II di tingkat nasional di KOMURINDO KOMBAT mendapatkan 85 poin sebagai bentuk penghargaan atas kontribusinya.
Berapa poin yang didapatkan ketua tim yang mendapatkan juara III di tingkat nasional di KOMURINDO KOMBAT?,,Ketua tim yang mendapatkan juara III di tingkat nasional di KOMURINDO KOMBAT mendapatkan 85 poin sebagai bentuk penghargaan atas prestasinya.
Berapa poin yang didapatkan anggota tim yang mendapatkan juara III di tingkat nasional di KOMURINDO KOMBAT?,,Anggota tim yang mendapatkan juara III di tingkat nasional di KOMURINDO KOMBAT mendapatkan 70 poin sebagai bentuk penghargaan atas kontribusinya.
Berapa poin yang didapatkan anggota tim yang mendapatkan juara I di PORDA?,,Anggota tim yang mendapatkan juara I di PORDA mendapatkan 35 poin sebagai bentuk penghargaan atas prestasinya.
Berapa poin yang didapatkan anggota tim yang mendapatkan juara II di PORDA?,,Anggota tim yang mendapatkan juara II di PORDA mendapatkan 30 poin sebagai bentuk penghargaan atas prestasinya.
Berapa poin yang didapatkan anggota tim yang mendapatkan juara III di PORDA?,,Anggota tim yang mendapatkan juara III di PORDA mendapatkan 25 poin sebagai bentuk penghargaan atas prestasinya.
Berapa poin yang didapatkan anggota tim yang mendapatkan juara harapan di PORDA?,,Anggota tim yang mendapatkan juara harapan di PORDA mendapatkan 10 poin sebagai bentuk penghargaan atas partisipasinya.
Berapa poin yang didapatkan anggota tim yang mendapatkan juara I di PON/POMNAS?,,Anggota tim yang mendapatkan juara I di PON/POMNAS mendapatkan 75 poin sebagai bentuk penghargaan atas prestasi nasional.
Berapa poin yang didapatkan anggota tim yang mendapatkan juara II di PON/POMNAS?,,Anggota tim yang mendapatkan juara II di PON/POMNAS mendapatkan 65 poin sebagai bentuk penghargaan atas prestasinya.
Berapa poin yang didapatkan anggota tim yang mendapatkan juara III di PON/POMNAS?,,Anggota tim yang mendapatkan juara III di PON/POMNAS mendapatkan 55 poin sebagai bentuk penghargaan atas prestasinya.
Berapa poin yang didapatkan anggota tim yang mendapatkan juara harapan di PON/POMNAS?,,Anggota tim yang mendapatkan juara harapan di PON/POMNAS mendapatkan 45 poin sebagai bentuk penghargaan atas partisipasinya.
Berapa poin yang didapatkan anggota tim yang sebagai peserta di PON/POMNAS?,,Anggota tim yang sebagai peserta di PON/POMNAS mendapatkan 40 poin sebagai bentuk penghargaan atas partisipasinya.
Berapa poin yang didapatkan anggota tim yang mendapatkan juara I di ajang olahraga tingkat internasional?,,Mahasiswa yang lolos tahap pertama (Tingkat Fakultas) di NUDC mendapatkan 20 poin sebagai bentuk penghargaan.
Berapa poin yang didapatkan anggota tim yang mendapatkan juara II di ajang olahraga tingkat internasional?,,Anggota tim yang mendapatkan juara I di ajang olahraga tingkat internasional mendapatkan 120 poin sebagai bentuk penghargaan atas prestasi internasional.
Berapa poin yang didapatkan anggota tim yang mendapatkan juara III di ajang olahraga tingkat internasional?,,Anggota tim yang mendapatkan juara II di ajang olahraga tingkat internasional mendapatkan 110 poin sebagai bentuk penghargaan atas prestasinya.
Berapa poin yang didapatkan anggota tim yang mendapatkan juara harapan di ajang olahraga tingkat internasional?,,Anggota tim yang mendapatkan juara III di ajang olahraga tingkat internasional mendapatkan 100 poin sebagai bentuk penghargaan atas prestasinya.
Berapa poin yang didapatkan anggota tim yang sebagai peserta di ajang olahraga tingkat internasional?,,Anggota tim yang mendapatkan juara harapan di ajang olahraga tingkat internasional mendapatkan 90 poin sebagai bentuk penghargaan atas partisipasinya.
Berapa poin yang didapatkan anggota tim yang mendapatkan juara I di ajang seni tingkat provinsi?,,Anggota tim yang sebagai peserta di ajang olahraga tingkat internasional mendapatkan 80 poin sebagai bentuk penghargaan atas partisipasinya.
Berapa poin yang didapatkan anggota tim yang mendapatkan juara II di ajang seni tingkat provinsi?,,Anggota tim yang mendapatkan juara I di ajang seni tingkat provinsi mendapatkan 25 poin sebagai bentuk penghargaan atas prestasinya.
Berapa poin yang didapatkan anggota tim yang mendapatkan juara III di ajang seni tingkat provinsi?,,Anggota tim yang mendapatkan juara II di ajang seni tingkat provinsi mendapatkan 20 poin sebagai bentuk penghargaan atas prestasinya.
Berapa poin yang didapatkan anggota tim yang mendapatkan juara harapan di ajang seni tingkat provinsi?,,Anggota tim yang mendapatkan juara III di ajang seni tingkat provinsi mendapatkan 15 poin sebagai bentuk penghargaan atas prestasinya.
Berapa poin yang didapatkan anggota tim yang sebagai peserta di ajang seni tingkat provinsi?,,Anggota tim yang mendapatkan juara harapan di ajang seni tingkat provinsi mendapatkan 10 poin sebagai bentuk penghargaan atas partisipasinya.
Berapa poin yang didapatkan anggota tim yang mendapatkan juara I di ajang seni tingkat nasional?,,Anggota tim yang sebagai peserta di ajang seni tingkat provinsi mendapatkan 5 poin sebagai bentuk penghargaan atas partisipasinya.
Berapa poin yang didapatkan anggota tim yang mendapatkan juara II di ajang seni tingkat nasional?,,Anggota tim yang mendapatkan juara I di ajang seni tingkat nasional mendapatkan 50 poin sebagai bentuk penghargaan atas prestasi nasional.
Berapa poin yang didapatkan anggota tim yang mendapatkan juara III di ajang seni tingkat nasional?,,Anggota tim yang mendapatkan juara II di ajang seni tingkat nasional mendapatkan 45 poin sebagai bentuk penghargaan atas prestasinya.
Berapa poin yang didapatkan anggota tim yang mendapatkan juara harapan di ajang seni tingkat nasional?,,Anggota tim yang mendapatkan juara III di ajang seni tingkat nasional mendapatkan 40 poin sebagai bentuk penghargaan atas prestasinya.
Berapa poin yang didapatkan anggota tim yang sebagai peserta di ajang seni tingkat nasional?,,Anggota tim yang mendapatkan juara harapan di ajang seni tingkat nasional mendapatkan 35 poin sebagai bentuk penghargaan atas partisipasinya.
Berapa poin yang didapatkan anggota tim yang mendapatkan juara I di ajang seni tingkat internasional?,,Anggota tim yang sebagai peserta di ajang seni tingkat nasional mendapatkan 20 poin sebagai bentuk penghargaan atas partisipasinya.
Berapa poin yang didapatkan anggota tim yang mendapatkan juara II di ajang seni tingkat internasional?,,Anggota tim yang mendapatkan juara I di ajang seni tingkat internasional mendapatkan 120 poin sebagai bentuk penghargaan atas prestasi internasional.
Berapa poin yang didapatkan anggota tim yang mendapatkan juara III di ajang seni tingkat internasional?,,Anggota tim yang mendapatkan juara II di ajang seni tingkat internasional mendapatkan 110 poin sebagai bentuk penghargaan atas prestasinya.
Berapa poin yang didapatkan anggota tim yang mendapatkan juara harapan di ajang seni tingkat internasional?,,Anggota tim yang mendapatkan juara III di ajang seni tingkat internasional mendapatkan 100 poin sebagai bentuk penghargaan atas prestasinya.
Berapa poin yang didapatkan anggota tim yang sebagai peserta di ajang seni tingkat internasional?,,Anggota tim yang mendapatkan juara harapan di ajang seni tingkat internasional mendapatkan 90 poin sebagai bentuk penghargaan atas partisipasinya.
Berapa poin yang didapatkan anggota tim yang mendapatkan juara I di ajang MTQMN tingkat provinsi?,,Anggota tim yang sebagai peserta di ajang seni tingkat internasional mendapatkan 80 poin sebagai bentuk penghargaan atas partisipasinya.
Berapa poin yang didapatkan anggota tim yang mendapatkan juara II di ajang MTQMN tingkat provinsi?,,Anggota tim yang mendapatkan juara I di ajang MTQMN tingkat provinsi mendapatkan 25 poin sebagai bentuk penghargaan atas prestasinya (bagian MTQMN poin 1a).
Berapa poin yang didapatkan anggota tim yang mendapatkan juara III di ajang MTQMN tingkat provinsi?,,Anggota tim yang mendapatkan juara II di ajang MTQMN tingkat provinsi mendapatkan 20 poin sebagai bentuk penghargaan atas prestasinya (bagian MTQMN poin 1b).
Berapa poin yang didapatkan anggota tim yang mendapatkan juara I di ajang MTQMN tingkat nasional?,,Anggota tim yang mendapatkan juara III di ajang MTQMN tingkat provinsi mendapatkan 15 poin sebagai bentuk penghargaan atas prestasinya (bagian MTQMN poin 1c).
Berapa poin yang didapatkan anggota tim yang mendapatkan juara II di ajang MTQMN tingkat nasional?,,Anggota tim yang mendapatkan juara I di ajang MTQMN tingkat nasional mendapatkan 50 poin sebagai bentuk penghargaan atas prestasi nasional (bagian MTQMN poin 2a).
Berapa poin yang didapatkan anggota tim yang mendapatkan juara III di ajang MTQMN tingkat nasional?,,Anggota tim yang mendapatkan juara II di ajang MTQMN tingkat nasional mendapatkan 45 poin sebagai bentuk penghargaan atas prestasinya (bagian MTQMN poin 2b).
Berapa poin yang didapatkan anggota tim yang mendapatkan juara I di ajang PESPARAWI tingkat provinsi?,,Anggota tim yang mendapatkan juara III di ajang MTQMN tingkat nasional mendapatkan 40 poin sebagai bentuk penghargaan atas prestasinya (bagian MTQMN poin 2c).
Berapa poin yang didapatkan anggota tim yang mendapatkan juara II di ajang PESPARAWI tingkat provinsi?,,Anggota tim yang mendapatkan juara I di ajang PESPARAWI tingkat provinsi mendapatkan 25 poin sebagai bentuk penghargaan atas prestasinya (bagian PESPARAWI poin 1a).
Berapa poin yang didapatkan anggota tim yang mendapatkan juara III di ajang PESPARAWI tingkat provinsi?,,Anggota tim yang mendapatkan juara III di ajang PESPARAWI tingkat provinsi mendapatkan 15 poin sebagai bentuk penghargaan atas prestasinya (bagian PESPARAWI poin 1c).
Berapa poin yang didapatkan anggota tim yang mendapatkan juara I di ajang PESPARAWI tingkat nasional?,,Anggota tim yang mendapatkan juara I di ajang PESPARAWI tingkat nasional mendapatkan 50 poin sebagai bentuk penghargaan atas prestasi nasional (bagian PESPARAWI poin 2a).
Berapa poin yang didapatkan anggota tim yang mendapatkan juara II di ajang PESPARAWI tingkat nasional?,,Anggota tim yang mendapatkan juara II di ajang PESPARAWI tingkat nasional mendapatkan 45 poin sebagai bentuk penghargaan atas prestasinya (bagian PESPARAWI poin 2b).
Berapa poin yang didapatkan anggota tim yang mendapatkan juara III di ajang PESPARAWI tingkat nasional?,,Anggota tim yang mendapatkan juara III di ajang PESPARAWI tingkat nasional mendapatkan 40 poin sebagai bentuk penghargaan atas prestasinya (bagian PESPARAWI poin 2c).
Apa itu GEMASTIK dan siapa penyelenggaranya?,,"GEMASTIK (Pagelaran Mahasiswa Nasional Bidang Teknologi Informasi dan Komunikasi) adalah kompetisi tahunan yang diselenggarakan oleh Kementerian Pendidikan, Kebudayaan, Riset, dan Teknologi Republik Indonesia."
Apa tujuan utama diselenggarakannya GEMASTIK?,,Tujuan utama GEMASTIK adalah meningkatkan kualitas mahasiswa Indonesia di bidang TIK agar mampu menjadi agen perubahan dalam memajukan teknologi dan pemanfaatannya di Indonesia.
Apa tema GEMASTIK XIV tahun ini?,,"Tema GEMASTIK XIV adalah ""TIK untuk Indonesia Bangkit Menuju Kehidupan Bangsa yang Lebih Baik""."
Berapa kali GEMASTIK telah dilaksanakan hingga tahun ini?,,"Hingga tahun ini, GEMASTIK telah dilaksanakan sebanyak 14 kali."
Bagaimana metode pelaksanaan GEMASTIK XIV?,,GEMASTIK XIV dilaksanakan secara daring (online) dari babak pendaftaran hingga babak final.
Mengapa GEMASTIK XIV dilaksanakan secara daring?,,Pelaksanaan daring disebabkan oleh pandemi COVID-19 yang masih melanda Indonesia dan dunia.
Apa saja tahapan kompetisi GEMASTIK?,,"Tahapan GEMASTIK meliputi: (1) Pendaftaran Perguruan Tinggi dan Tim Peserta, (2) Babak Penyisihan, (3) Babak Final."
Bagaimana tahapan pendaftaran GEMASTIK dilakukan?,,"Pendaftaran dilakukan oleh dosen perwakilan perguruan tinggi atau pembina unit kemahasiswaan, lalu oleh ketua tim mahasiswa. Perguruan tinggi yang terdaftar akan muncul di pilihan pendaftaran tim."
Apa yang dinilai pada babak penyisihan GEMASTIK?,,"Pada babak penyisihan, tim mengunggah proposal dan dokumen teknis yang dinilai berdasarkan inovasi, dampak sosial, desain antarmuka, usability, user experience, metodologi pengembangan, dan kesesuaian ide dengan produk."
Apa saja kegiatan dalam babak final GEMASTIK?,,"Babak final meliputi presentasi karya, demonstrasi perangkat lunak, dan sesi tanya jawab dengan dewan juri. Presentasi mungkin terbuka untuk peserta lain."
Apa saja kategori lomba dalam GEMASTIK?,,"Kategori lomba GEMASTIK meliputi: Pemrograman, Keamanan Siber, Penambangan Data, Desain UX, Animasi, Kota Cerdas, Karya Tulis Ilmiah TIK, Pengembangan Perangkat Lunak, Piranti Cerdas & IoT, Pengembangan Game, dan Pengembangan Bisnis TIK."
Apa yang dinilai dalam kategori Pemrograman (Programming) pada GEMASTIK?,,Kategori Pemrograman menilai kemampuan peserta dalam menyelesaikan masalah pemrograman secara efisien dan efektif.
Apa fokus kategori Keamanan Siber (Cyber Security) di GEMASTIK?,,"Kategori Keamanan Siber menguji kemampuan peserta menghadapi kasus keamanan sistem komputer, jaringan, dan data."
Apa yang dinilai dalam kategori Penambangan Data (Data Mining) di GEMASTIK?,,Kategori Penambangan Data menilai kemampuan analisis dan ekstraksi informasi dari kumpulan data besar.
Apa kriteria penilaian kategori Desain Pengalaman Pengguna (UX Design) di GEMASTIK?,,Kategori Desain UX menilai kemampuan merancang antarmuka pengguna yang intuitif dan memberikan pengalaman pengguna yang baik.
Apa yang dinilai dalam kategori Animasi (Animation) di GEMASTIK?,,Kategori Animasi menilai kreativitas dan keterampilan peserta dalam membuat animasi yang menarik dan informatif.
Apa fokus kategori Kota Cerdas (Smart City) di GEMASTIK?,,Kategori Kota Cerdas fokus pada inovasi solusi TIK untuk meningkatkan kualitas hidup di perkotaan.
Apa tujuan kategori Karya Tulis Ilmiah TIK (ICT Scientific Paper) di GEMASTIK?,,Kategori Karya Tulis Ilmiah TIK bertujuan menilai kemampuan peserta dalam menulis karya ilmiah berkualitas di bidang TIK.
Apa yang dinilai dalam kategori Pengembangan Perangkat Lunak (Software Development) di GEMASTIK?,,Kategori Pengembangan Perangkat Lunak menilai inovasi dan manfaat perangkat lunak yang dibuat.
"Apa fokus kategori Piranti Cerdas, Sistem Benam, IoT di GEMASTIK?",,Kategori Piranti Cerdas & IoT menilai kemampuan pengembangan perangkat berbasis sistem benam dan Internet of Things.
Apa yang dinilai dalam kategori Pengembangan Aplikasi Permainan (Game Development) di GEMASTIK?,,Kategori Game Development menilai kreativitas dan keterampilan dalam membuat permainan yang menarik dan edukatif.
Apa kriteria kategori Pengembangan Bisnis TIK (ICT Business Development) di GEMASTIK?,,Kategori Bisnis TIK menilai inovasi model bisnis berbasis TIK yang berkelanjutan.
Berdasarkan kriteria apa saja penilaian dalam lomba GEMASTIK dilakukan?,,"Penilaian GEMASTIK didasarkan pada kriteria: inovasi, dampak, desain, implementasi, dan presentasi."
Di mana peserta dapat menemukan informasi resmi tentang GEMASTIK?,,Informasi resmi GEMASTIK dapat diakses di: https://gemastik.kemdikbud.go.id
Apa saja syarat dan ketentuan untuk mengikuti lomba GEMASTIK?,,"Syarat dan ketentuan GEMASTIK:Peserta adalah mahasiswa aktif diploma/sarjana dari perguruan tinggi Indonesia. Setiap tim terdiri dari 3-4 mahasiswa dari perguruan tinggi yang sama. Karya harus orisinal, belum pernah dipublikasikan/kompetisi lain, dan bebas unsur SARA."
Apa itu PIMNAS dan siapa penyelenggaranya?,,"PIMNAS (Pekan Ilmiah Mahasiswa Nasional) adalah ajang kompetisi ilmiah tahunan bagi mahasiswa Indonesia yang diselenggarakan oleh Direktorat Jenderal Pendidikan Tinggi, Kementerian Pendidikan dan Kebudayaan."
Apa tujuan utama diselenggarakannya PIMNAS?,,"Tujuan PIMNAS adalah mendorong mahasiswa mengembangkan kreativitas, inovasi, dan kemampuan ilmiah melalui Program Kreativitas Mahasiswa (PKM), serta mempersiapkan mereka menjadi pemimpin yang cendekiawan dan wirausahawan mandiri."
Sejak kapan PIMNAS pertama kali dilaksanakan?,,PIMNAS pertama kali digelar pada tahun 1988 di Universitas Indonesia.
Apa perbedaan nama awal PIMNAS sebelum tahun 1990?,,"Sebelum tahun 1990, PIMNAS dikenal sebagai Lomba Karya Ilmiah Mahasiswa (LKIM)."
Apa saja kategori PKM yang dilombakan dalam PIMNAS?,,"Kategori PKM dalam PIMNAS meliputi PKM Penelitian Eksakta (PKM-RE), PKM Penelitian Sosial Humaniora (PKM-RSH), PKM Kewirausahaan (PKM-K), PKM Pengabdian Masyarakat (PKM-PM), PKM Penerapan Iptek (PKM-PI), PKM Karsa Cipta (PKM-KC), PKM Gagasan Futuristik Tertulis (PKM-GFT), dan PKM Video Gagasan Konstruktif (PKM-VGK)."
Apa dua jenis kompetisi yang diikuti peserta PIMNAS?,,Peserta PIMNAS mengikuti dua jenis kompetisi yaitu presentasi hasil PKM dan presentasi poster.
Dokumen apa saja yang wajib disiapkan peserta PIMNAS?,,"Dokumen wajib peserta meliputi laporan akhir PKM, artikel ilmiah, produk PKM sesuai bidang, bahan presentasi, dan poster."
Bagaimana tahapan seleksi peserta PIMNAS?,,"Tahapan seleksi peserta PIMNAS terdiri dari pengajuan proposal PKM melalui perguruan tinggi, seleksi internal di tingkat kampus, seleksi nasional untuk pendanaan, monitoring dan evaluasi (MONEV), serta pengumuman finalis yang berhak kompetisi di acara final."
Apa kriteria penilaian utama dalam PIMNAS?,,"Kriteria penilaian utama dalam PIMNAS mencakup inovasi dan kebaruan, manfaat dan dampak, metodologi penelitian atau penerapan teknologi, keterlibatan dan kerjasama tim, serta kualitas presentasi dan komunikasi."
Di mana peserta dapat mengakses informasi resmi tentang PIMNAS?,,"Informasi resmi tentang PIMNAS dapat diakses melalui Puspresnas di https://pusatprestasinasional.kemdikbud.go.id, Simbelmawa di https://simbelmawa.kemdikbud.go.id, dan pedoman PIMNAS ke-37 Tahun 2024 yang tersedia di tautan PDF resmi."
Apa syarat dan ketentuan untuk mengikuti PIMNAS?,,"Syarat dan ketentuan mengikuti PIMNAS adalah peserta harus mahasiswa aktif program diploma atau sarjana dari perguruan tinggi di Indonesia, setiap tim terdiri dari 35 mahasiswa dari perguruan tinggi yang sama, serta proposal PKM harus sesuai panduan yang ditetapkan."
Bagaimana alur pendaftaran dan seleksi peserta PIMNAS?,,"Alur pendaftaran dan seleksi peserta dimulai dari pengajuan proposal melalui perguruan tinggi, seleksi internal kampus, seleksi nasional untuk pendanaan, monitoring dan evaluasi, hingga pengumuman tim yang lolos ke PIMNAS."
Apa strategi untuk mempersiapkan diri menghadapi PIMNAS?,,"Strategi persiapan menghadapi PIMNAS antara lain memahami panduan PKM dan PIMNAS, menyusun proposal dengan inovasi tinggi, mengelola waktu dengan baik, latihan presentasi berkala, serta menyiapkan desain poster dan data pendukung."
Apa keuntungan mengikuti PIMNAS?,,"Keuntungan mengikuti PIMNAS meliputi pengalaman kompetisi nasional, pengakuan akademik, peluang pendanaan, kesempatan memenangkan medali dan sertifikat, serta jaringan kolaborasi dengan mahasiswa dan dosen dari berbagai kampus."
Apa itu KRI dan siapa penyelenggaranya?,,"Kontes Robot Indonesia (KRI) adalah kompetisi tahunan di bidang rancang bangun dan rekayasa robotika yang diselenggarakan oleh Balai Pengembangan Talenta Indonesia (BPTI) di bawah Pusat Prestasi Nasional (Puspresnas), Kemendikbudristek."
Apa nama awal KRI dan tahun pelaksanaan pertamanya?,,KRI pertama kali diselenggarakan pada tahun 1993 dengan nama Indonesia Robot Contest (IRC).
Apa yang menjadi inspirasi awal penyelenggaraan KRI?,,"KRI terinspirasi dari World Micromouse Competition, kompetisi robotika populer di tahun 1980-an."
Apa tujuan utama diadakannya KRI?,,"Tujuan KRI adalah mendorong inovasi, kreativitas, dan pengembangan kemampuan teknis mahasiswa Indonesia dalam bidang robotika melalui kompetisi berbasis tantangan."
Sebutkan semua kategori lomba dalam KRI!,,"Kategori lomba KRI meliputi: Kontes Robot ABU Indonesia (KRAI), Kontes Robot SAR Indonesia (KRSRI), Kontes Robot Sepak Bola Indonesia (KRSBI) Beroda dan Humanoid, Kontes Robot Seni Tari Indonesia (KRSTI), Kontes Robot Tematik Indonesia (KRTMI), dan Kontes Robot Bawah Air Indonesia (KRBAI)."
Apa fokus dari Kontes Robot ABU Indonesia (KRAI)?,,KRAI mengadopsi aturan dari Asia-Pacific Broadcasting Union (ABU) Robocon dengan tantangan yang berubah setiap tahun sesuai tema internasional.
Apa perbedaan antara KRSBI Beroda dan KRSBI Humanoid?,,"KRSBI Beroda menggunakan robot berbasis roda untuk bermain sepak bola, sedangkan KRSBI Humanoid menggunakan robot humanoid yang meniru gerakan manusia dalam permainan."
Apa yang menjadi tantangan utama dalam Kontes Robot Bawah Air Indonesia (KRBAI)?,,"KRBAI berfokus pada pengembangan robot yang mampu beroperasi di lingkungan bawah air dengan tantangan seperti navigasi, pengambilan objek, atau penyelesaian misi spesifik."
Apa tema yang biasanya diangkat dalam Kontes Robot Seni Tari Indonesia (KRSTI)?,,"KRSTI menampilkan robot yang menari sesuai tema budaya atau kontemporer, dengan penilaian pada kreativitas gerak, sinkronisasi, dan kesesuaian tema."
Apa tujuan Kontes Robot Tematik Indonesia (KRTMI)?,,"KRTMI bertujuan mengembangkan solusi robotika untuk menyelesaikan permasalahan tematik aktual, seperti lingkungan, kesehatan, atau bencana."
Bagaimana tahapan pendaftaran dan seleksi peserta KRI?,,"Tahapan seleksi KRI meliputi: pengajuan proposal disetujui pimpinan perguruan tinggi, seleksi administrasi dan proposal, pengumpulan laporan/video kemajuan, visitasi daring, serta kompetisi tingkat wilayah dan nasional."
Apa yang dinilai pada tahap seleksi proposal di KRI?,,"Pada tahap seleksi proposal, dinilai kelayakan administrasi, kesesuaian tema, inovasi, dan metodologi rancangan robot."
Apa dokumen yang harus disiapkan setelah lolos seleksi tahap pertama?,,"Setelah lolos seleksi tahap pertama, tim wajib mengirimkan laporan kemajuan dan/atau video demonstrasi kinerja robot."
Apa tujuan tahap visitasi dalam seleksi KRI?,,"Tahap visitasi bertujuan mengevaluasi kesiapan robot, infrastruktur tim, dan fasilitas pendukung melalui peninjauan daring oleh juri."
Apa perbedaan kompetisi tingkat wilayah dan nasional di KRI?,,"Kompetisi tingkat wilayah diikuti tim dari wilayah geografis tertentu, sedangkan tingkat nasional diikuti juara wilayah untuk menentukan pemenang akhir."
Apa kriteria penilaian umum dalam lomba KRI?,,"Kriteria penilaian umum meliputi inovasi desain, kinerja teknis, kreativitas solusi, kepatuhan aturan, dan presentasi."
Di mana peserta bisa mengakses pedoman lengkap KRI?,,Pedoman lengkap KRI dapat diakses di laman resmi https://kri.kemdikbud.go.id/ dan Buku Pedoman KRI Tahun 2023.
Apa syarat administrasi untuk mengajukan proposal KRI?,,Syarat administrasi proposal KRI harus disetujui oleh pimpinan perguruan tinggi dan dikirim melalui laman resmi KRI.
Apa peran perguruan tinggi dalam proses pendaftaran KRI?,,Perguruan tinggi bertugas memverifikasi dan mengirimkan proposal tim peserta sebagai institusi penanggung jawab.
Apa tantangan teknis yang umum dihadapi peserta KRSRI?,,"Tantangan teknis KRSRI meliputi navigasi di medan kompleks, deteksi korban, dan operasi penyelamatan dalam kondisi simulasi darurat."
Bagaimana KRI berkontribusi pada pengembangan robotika di Indonesia?,,"KRI berkontribusi meningkatkan kompetensi mahasiswa dalam robotika, memicu riset terapan, serta memperkuat kolaborasi antarperguruan tinggi dan industri."
Apa itu Pilmapres dan siapa penyelenggaranya?,,"Pilmapres (Pemilihan Mahasiswa Berprestasi) adalah ajang tahunan yang diselenggarakan oleh Kementerian Pendidikan, Kebudayaan, Riset, dan Teknologi Republik Indonesia melalui Balai Pengembangan Talenta Indonesia (BPTI) untuk memberikan penghargaan kepada mahasiswa berprestasi akademik dan non-akademik."
Apa tujuan utama diselenggarakannya Pilmapres?,,"Tujuan utama Pilmapres adalah mengapresiasi mahasiswa berprestasi, memotivasi pengembangan hard skills dan soft skills, serta mendorong perguruan tinggi menciptakan lingkungan akademik yang mendukung pencapaian prestasi."
Sejak kapan Pilmapres pertama kali diadakan?,,Pilmapres pertama kali diadakan pada tahun 1986 dan telah mengalami perubahan format dan nama hingga saat ini.
Apa saja kategori penghargaan dalam Pilmapres?,,Kategori penghargaan Pilmapres terbagi menjadi dua yaitu Program Sarjana (S1) dan Program Diploma (D3/D4).
Bagaimana tahapan seleksi Pilmapres dari tingkat perguruan tinggi hingga nasional?,,"Tahapan seleksi Pilmapres meliputi seleksi tingkat perguruan tinggi, seleksi wilayah oleh LLDIKTI, seleksi awal nasional, dan seleksi final nasional untuk menentukan pemenang terbaik."
Apa kriteria penilaian utama dalam Pilmapres?,,"Kriteria penilaian utama meliputi Capaian Unggulan (prestasi yang diraih), Gagasan Kreatif (inovasitertulis), dan kemampuan berbahasa Inggris dalam presentasi."
Apa yang dimaksud dengan Capaian Unggulan (CU) dalam Pilmapres?,,"Capaian Unggulan (CU) merujuk pada prestasi peserta di bidang akademik, penelitian, pengabdian masyarakat, atau kegiatan ekstrakurikuler yang telah dibuktikan dengan dokumen resmi."
Apa yang dinilai dalam komponen Gagasan Kreatif (GK)?,,"Gagasan Kreatif (GK) dinilai berdasarkan orisinalitas ide, relevansi dengan isu terkini, metodologi penulisan, dan potensi implementasi solusi yang diusulkan."
Mengapa kemampuan berbahasa Inggris menjadi kriteria penilaian di Pilmapres?,,"Kemampuan berbahasa Inggris dinilai karena peserta harus mampu mempresentasikan gagasan dan berdiskusi secara internasional, mencerminkan kompetensi global."
Dokumen apa saja yang harus disiapkan untuk pendaftaran Pilmapres?,,"Dokumen pendaftaran meliputi surat pengantar dari pimpinan perguruan tinggi, borang pendaftaran, portofolio capaian unggulan, naskah gagasan kreatif, dan video presentasi dalam bahasa Inggris."
Bagaimana prosedur verifikasi prestasi peserta Pilmapres?,,"Verifikasi prestasi dilakukan dengan memeriksa dokumen asli seperti sertifikat, publikasi, atau surat rekomendasi yang disertakan dalam portofolio capaian unggulan."
Apa peran LLDIKTI dalam proses seleksi Pilmapres?,,LLDIKTI bertugas menyelenggarakan seleksi wilayah dengan mengevaluasi peserta dari perguruan tinggi di wilayahnya sebelum maju ke tahap nasional.
Apa yang dilakukan pada tahap Seleksi Awal Nasional Pilmapres?,,"Pada tahap Seleksi Awal Nasional, dewan juri menilai kelengkapan dokumen, kualitas capaian unggulan, gagasan kreatif, dan video presentasi untuk menentukan finalis."
Apa kegiatan yang diikuti finalis pada tahap Seleksi Final Nasional?,,"Finalis di tahap Seleksi Final Nasional mengikuti presentasi langsung, wawancara mendalam, dan simulasi diskusi untuk dinilai oleh dewan juri."
Apa perbedaan antara seleksi wilayah dan seleksi nasional di Pilmapres?,,"Seleksi wilayah hanya melibatkan peserta dari satu wilayah LLDIKTI, sedangkan seleksi nasional mempertemukan perwakilan terbaik seluruh Indonesia."
Di mana peserta dapat mengakses pedoman resmi Pilmapres?,,"Pedoman resmi Pilmapres dapat diakses melalui situs Pusat Prestasi Nasional (Puspresnas), termasuk ""Pedoman Pilmapres Program Sarjana Tahun 2024""."
Apa syarat dokumen portofolio capaian unggulan dalam Pilmapres?,,"Portofolio capaian unggulan harus mencakup bukti prestasi (sertifikat, karya tulis, atau laporan kegiatan) yang telah diverifikasi oleh perguruan tinggi."
Apa tujuan diadakannya tahap presentasi video dalam bahasa Inggris?,,"Video presentasi bahasa Inggris bertujuan menilai kemampuan komunikasi, struktur presentasi, dan kedalaman pemahaman peserta terhadap gagasannya."
Apa tantangan yang umum dihadapi peserta saat menyusun gagasan kreatif?,,"Tantangan umum dalam menyusun gagasan kreatif adalah memastikan ide inovatif, solutif, dan sesuai dengan metodologi ilmiah yang ketat."
Bagaimana perguruan tinggi berkontribusi dalam proses seleksi Pilmapres?,,"Perguruan tinggi melakukan seleksi internal, memverifikasi dokumen peserta, dan mengirimkan perwakilan terbaik mereka ke tahap LLDIKTI."
Apa manfaat mengikuti Pilmapres bagi mahasiswa?,,"Manfaat mengikuti Pilmapres meliputi pengakuan nasional, peluang pengembangan diri, jaringan dengan mahasiswa berprestasi, dan kesempatan mendapatkan pendanaan."
Apa konsekuensi jika peserta tidak bisa menunjukkan dokumen asli saat verifikasi?,,Peserta yang tidak bisa menunjukkan dokumen asli saat verifikasi berisiko didiskualifikasi atau pengurangan poin penilaian.
Apa perbedaan antara kategori Sarjana (S1) dan Diploma (D3/D4) di Pilmapres?,,"Kategori Sarjana (S1) dan Diploma (D3/D4) dibedakan berdasarkan jenjang studi, tetapi keduanya menggunakan kriteria penilaian yang sama."
Bagaimana sistem penilaian Capaian Unggulan (CU) dilakukan?,,"Penilaian Capaian Unggulan dilakukan dengan skala bobot berdasarkan tingkat prestasi (lokal, nasional, internasional) dan relevansinya dengan bidang studi."
Apa contoh prestasi yang termasuk dalam Capaian Unggulan?,,"Contoh prestasi CU meliputi juara lomba akademik, publikasi jurnal, pengabdian masyarakat berdampak, atau penghargaan di bidang seni/olahraga."
Apa format penulisan naskah gagasan kreatif yang ditetapkan Pilmapres?,,"Naskah gagasan kreatif harus ditulis sesuai panduan Puspresnas, mencakup latar belakang, metodologi, inovasi, dan rencana implementasi dengan format ilmiah."
Apa itu publikasi jurnal ilmiah?,,Publikasi jurnal ilmiah adalah proses penyebarluasan hasil penelitian atau kajian ilmiah melalui jurnal yang diakui oleh komunitas akademik dan masyarakat umum.
Apa tahapan utama dalam proses publikasi jurnal ilmiah?,,"Tahapan utama publikasi jurnal meliputi pengajuan naskah, pemeriksaan awal, peer-review, keputusan editorial, revisi, dan publikasi."
Apa yang dilakukan pada tahap pemeriksaan awal (initial screening) publikasi jurnal?,,"Pada tahap pemeriksaan awal, editor memeriksa kesesuaian naskah dengan ruang lingkup, standar kualitas, dan format jurnal."
Bagaimana mekanisme peer-review dalam publikasi jurnal ilmiah?,,Mekanisme peer-review melibatkan evaluasi naskah oleh reviewer independen secara anonim (blind review) untuk memastikan kualitas dan keabsahan ilmiah.
Apa keputusan yang mungkin diambil editor setelah proses peer-review?,,"Editor dapat memutuskan naskah diterima, ditolak, atau direvisi berdasarkan rekomendasi reviewer setelah proses peer-review."
Apa persyaratan utama naskah untuk publikasi jurnal ilmiah?,,"Persyaratan utama naskah meliputi orisinalitas, kontribusi signifikan pada bidang ilmu, dan kepatuhan terhadap pedoman metodologi penelitian."
Apa etika penelitian yang wajib dipatuhi penulis jurnal ilmiah?,,"Penulis wajib menghindari plagiarisme, mengungkap konflik kepentingan, dan memastikan penelitian memenuhi standar etika tertinggi."
Apa saja kriteria penilaian naskah jurnal ilmiah?,,"Kriteria penilaian naskah mencakup relevansi topik, orisinalitas, ketepatan metodologi, serta kedalaman analisis dan interpretasi data."
Apa yang dimaksud dengan double-blind review?,,Double-blind review adalah proses di mana identitas penulis dan reviewer dirahasiakan untuk menjaga objektivitas penilaian.
Apa faktor yang menentukan kualitas jurnal ilmiah?,,"Kualitas jurnal ditentukan oleh faktor dampak (impact factor), indeksasi di database terkemuka, dan reputasi di komunitas ilmiah."
Apa itu SINTA dan siapa yang mengelolanya?,,SINTA (Science and Technology Index) adalah sistem indeksasi jurnal ilmiah nasional yang dikelola oleh Kemendikbudristek Indonesia.
Bagaimana SINTA mengklasifikasikan jurnal di Indonesia?,,"SINTA mengklasifikasikan jurnal ke dalam enam klaster (S1-S6) berdasarkan kualitas, produktivitas, dan kinerja sitasi."
Apa perbedaan jurnal SINTA S1 dan S6?,,"Jurnal SINTA S1 merupakan peringkat tertinggi dengan standar internasional, sedangkan S6 adalah jurnal dengan kriteria dasar terpenuhi."
Apa yang dimaksud dengan jurnal Scopus Q1 hingga Q4?,,"Scopus Q1-Q4 adalah pengelompokan jurnal berdasarkan kuartil pengaruh, dengan Q1 sebagai peringkat tertinggi (25% teratas) dan Q4 terendah."
Bagaimana cara mengetahui peringkat kuartil jurnal di Scopus?,,Peringkat kuartil Scopus dapat dilihat melalui platform SCImago Journal Rank (SJR) atau direktori resmi Scopus.
Apa tujuan penggunaan panduan penulisan oleh jurnal?,,"Panduan penulisan digunakan untuk memastikan konsistensi format, struktur, dan gaya penulisan naskah sesuai standar jurnal."
Apa konsekuensi jika penulis melanggar etika publikasi?,,"Pelanggaran etika publikasi seperti plagiarisme dapat menyebabkan penolakan naskah, pencabutan artikel, atau sanksi akademik."
Apa peran SCImago Journal Rank (SJR) dalam penilaian jurnal?,,SCImago Journal Rank (SJR) mengukur pengaruh jurnal berdasarkan sitasi dan kualitas artikel dalam database Scopus.
Apa contoh sumber resmi untuk panduan publikasi jurnal mahasiswa?,,Contoh sumber panduan publikasi mahasiswa adalah Panduan Pengelolaan Jurnal Ilmiah Mahasiswa (JIM) yang dikembangkan Kemendikbudristek.
Apa yang harus dilakukan penulis jika naskah dikembalikan untuk revisi?,,"Penulis harus merevisi naskah sesuai masukan reviewer dan editor, lalu mengirim ulang versi yang telah diperbaiki sebelum batas waktu."
Apa perbedaan antara impact factor dan indeksasi jurnal?,,"Impact factor mengukur rata-rata sitasi artikel dalam jurnal, sedangkan indeksasi merujuk pada pengakuan jurnal di database seperti Scopus atau SINTA."
Apa tantangan umum dalam proses peer-review?,,"Tantangan peer-review meliputi waktu evaluasi yang lama, bias reviewer, dan perbedaan interpretasi terhadap kualitas naskah."
Apa yang dimaksud dengan plagiarisme dalam konteks publikasi jurnal?,,"Plagiarisme dalam publikasi jurnal adalah penggunaan ide, kata-kata, atau data orang lain tanpa atribusi yang jelas dan izin."
Apa perbedaan antara jurnal nasional terindeks SINTA dan jurnal internasional Scopus?,,"Jurnal SINTA fokus pada publikasi nasional dengan standar lokal, sedangkan jurnal Scopus mencakup publikasi internasional bereputasi global."
Bagaimana penulis memastikan relevansi naskah dengan fokus jurnal target?,,"Penulis harus memeriksa ruang lingkup, fokus, dan tujuan jurnal target sebelum mengirim naskah untuk memastikan kesesuaian topik."
Berapa poin yang diperoleh ketua dan anggota tim jika lolos tahap seleksi universitas?,,"Ketua tim yang berhasil lolos tahap seleksi universitas akan memperoleh 15 poin, sedangkan setiap anggota tim akan memperoleh 12 poin sebagai bentuk apresiasi atas keberhasilan mereka di tahap awal seleksi internal kampus."
"Berapa poin untuk ketua tim, anggota tim, dan anggota pengganti jika tim lolos tahap pendanaan PKM dari dikti?",,"Apabila sebuah tim berhasil mendapatkan pendanaan PKM dari dikti, maka ketua tim akan mendapatkan 40 poin, setiap anggota tim utama akan mendapatkan 37 poin, dan jika ada anggota pengganti yang masuk setelah lolos pendanaan, maka dia akan memperoleh 30 poin."
Berapa poin yang didapatkan ketua dan anggota tim jika lolos ke ajang PIMNAS?,,"Untuk tim yang berhasil lolos ke ajang PIMNAS, ketua tim akan memperoleh 100 poin, sementara masing-masing anggota tim akan memperoleh 85 poin sebagai bentuk penghargaan atas pencapaian nasional mereka."
"Jika tim mendapat medali emas di PIMNAS, berapa poin yang diperoleh ketua dan anggota tim?",,"Jika tim mendapatkan medali emas di PIMNAS, maka ketua tim akan memperoleh 180 poin, sedangkan setiap anggota tim mendapatkan 160 poin. Ini adalah poin tertinggi dalam sistem penilaian prestasi ini."
"Jika tim mendapat medali perak di PIMNAS, berapa poin yang diperoleh ketua dan anggota tim?",,"Jika tim mendapatkan medali perak, maka ketua tim akan memperoleh 160 poin dan setiap anggota tim akan memperoleh 140 poin, sebagai bentuk apresiasi atas prestasi yang hampir mendekati tertinggi."
"Jika tim mendapat medali perunggu di PIMNAS, berapa poin yang diperoleh ketua dan anggota tim?",,"Jika tim mendapatkan medali perunggu di ajang PIMNAS, maka ketua tim akan memperoleh 140 poin, dan setiap anggota tim akan memperoleh 120 poin."
"Siapa yang memperoleh poin lebih besar dalam setiap tahap, ketua atau anggota tim?",,"Dalam setiap tahap yang disebutkan (seleksi universitas, pendanaan, PIMNAS, hingga medali), ketua tim selalu mendapatkan poin yang lebih besar dibandingkan anggota tim. Ini mencerminkan tanggung jawab lebih besar yang diemban oleh ketua."
"Pada tahap apa anggota pengganti bisa mendapatkan poin, dan berapa besar poin tersebut?",,"Anggota pengganti akan mendapatkan poin jika ia masuk menggantikan anggota tim setelah tim lolos pendanaan PKM, yaitu sebesar 30 poin sebagai bentuk pengakuan meskipun kontribusinya dimulai setelah pendanaan."
Berapa selisih poin antara ketua dan anggota tim pada tahap seleksi universitas?,,"Selisih poin antara ketua dan anggota tim pada tahap seleksi universitas adalah 3 poin, di mana ketua memperoleh 15 poin dan anggota 12 poin."
Berapa selisih poin antara ketua dan anggota tim pada tahap pendanaan?,,"Selisih poin antara ketua dan anggota tim pada tahap pendanaan PKM dari dikti juga sebesar 3 poin, dengan ketua mendapatkan 40 poin dan anggota tim mendapatkan 37 poin."
Berapa selisih poin antara ketua dan anggota tim pada tahap PIMNAS?,,"Pada tahap lolos ke PIMNAS, selisih poin antara ketua dan anggota tim adalah 15 poin, menunjukkan penghargaan tambahan kepada pemimpin tim atas perannya membawa tim hingga ke tingkat nasional."
Berapa selisih poin antara ketua dan anggota tim yang meraih medali emas?,,"Jika tim memperoleh medali emas, ketua tim memperoleh 180 poin dan anggota memperoleh 160 poin, sehingga selisihnya adalah 20 poin."
Berapa selisih poin antara ketua dan anggota tim yang meraih medali perak?,,"Pada perolehan medali perak, selisih antara ketua dan anggota tim juga sebesar 20 poin, dengan rincian 160 poin untuk ketua dan 140 poin untuk anggota."
Berapa selisih poin antara ketua dan anggota tim yang meraih medali perunggu?,,"Untuk medali perunggu, selisih antara ketua dan anggota tetap 20 poin, yakni 140 poin untuk ketua dan 120 poin untuk anggota tim."
Apakah medali yang diraih di PIMNAS memengaruhi jumlah poin prestasi?,,"Ya, medali yang diraih di PIMNAS sangat memengaruhi jumlah poin. Semakin tinggi tingkatan medali yang diperoleh, semakin besar poin yang didapat baik oleh ketua maupun anggota tim."
Apakah semua anggota tim mendapatkan poin yang sama pada tahap pendanaan?,,"Tidak semua anggota tim mendapatkan poin yang sama pada tahap pendanaan. Anggota utama mendapatkan 37 poin, sementara anggota pengganti hanya memperoleh 30 poin, meskipun sama-sama berada dalam tim yang didanai."
Apakah ketua tim selalu mendapatkan poin lebih banyak dari anggota tim?,,"Ya, ketua tim selalu mendapatkan poin lebih banyak dibandingkan anggota, karena perannya dianggap lebih besar dan lebih bertanggung jawab dalam seluruh tahapan pelaksanaan PKM."
Siapa yang mendapatkan 100 poin dalam ketentuan prestasi ini?,,"Ketua tim yang lolos ke ajang PIMNAS akan memperoleh 100 poin, sesuai dengan ketentuan sebagai bentuk penghargaan atas pencapaiannya memimpin tim hingga tingkat nasional."
Apakah mungkin anggota tim mendapatkan total lebih dari 100 poin jika melalui seluruh tahapan dan mendapatkan medali?,,"Ya, sangat mungkin anggota tim memperoleh total poin lebih dari 100, apalagi jika tim tersebut melewati semua tahapan (seleksi, pendanaan, PIMNAS) dan meraih medali. Misalnya, anggota tim yang lolos seleksi, didanai, lolos PIMNAS, dan meraih emas bisa mendapatkan total poin lebih dari 250 poin."
Apa yang dimaksud dengan tahap pertama dan tahap kedua dalam konteks pemberian poin?,,"Tahap pertama dalam ketentuan poin adalah seleksi di tingkat universitas, sedangkan tahap kedua adalah tahap pendanaan dari dikti, yang merupakan langkah lanjutan setelah proposal tim dinyatakan layak."